conversation,message_uuid,sender,created_at,artifact_title,artifact_relpath,command,language,version_uuid,sha256,bytes
Create security protocols,019b4ab5-2856-75eb-b502-2957887ac5b2,assistant,2025-12-23T10:24:13.270458Z,Структура проекта тестирования,docs/Create_security_protocols/Структура_проекта_тестирования.md,create,markdown,f76c029c-1c19-4c35-809a-758b0842c5f7,771f435d32ade3ca729980921aba539c88d831ee84e76754246d5fa08b9de5c3,6562
Create security protocols,019b4ab5-2856-75eb-b502-2957887ac5b2,assistant,2025-12-23T10:24:13.270458Z,requirements.txt - Backend зависимости,docs/Create_security_protocols/requirements.txt_-_Backend_зависимости.txt,create,txt,42fc70c1-8e26-426b-9fa2-7277f0640d9a,ef05a379b36c1f43eae3a3b686fc5300e457e6db52bab21e247d9a1b6662f247,676
Create security protocols,019b4ab5-2856-75eb-b502-2957887ac5b2,assistant,2025-12-23T10:24:13.270458Z,backend/app/config.py - Конфигурация,backend/app/config.py - Конфигурация,create,python,4594bafc-c3e0-4eca-8837-3976ae97f145,39385e3236c58f83ec6f4e052c8eff751c534dbb05a4ba36e78b1e11830b2cec,1147
Create security protocols,019b4ab5-2856-75eb-b502-2957887ac5b2,assistant,2025-12-23T10:24:13.270458Z,backend/app/database.py - Подключение БД,backend/app/database.py - Подключение БД,create,python,c184f6ec-2381-4a92-b73c-313f16b3ba60,f65c590dce9cee49d2bc8d882a08dc4b07c491063ca61fdf7ec0c1c4373fcddd,1056
Create security protocols,019b4ab5-2856-75eb-b502-2957887ac5b2,assistant,2025-12-23T10:24:13.270458Z,backend/app/models/user.py - Модель пользователя,backend/app/models/user.py - Модель пользователя,create,python,7407e420-0b1c-41b6-9ef9-6be953290f05,fb41d81bc2d66f934fc1e95e5d1a809e9ca4a2c572e86f11bb943e1a18874213,1583
Create security protocols,019b4ab5-2856-75eb-b502-2957887ac5b2,assistant,2025-12-23T10:24:13.270458Z,backend/app/models/group.py - Модель группы,backend/app/models/group.py - Модель группы,create,python,fab3963a-c937-48c1-876c-904626399d56,dcfd1ac2840370d477f476c6ff5711cdad94d4ddff1390a83a7b9e52946dc93d,780
Create security protocols,019b4ab5-2856-75eb-b502-2957887ac5b2,assistant,2025-12-23T10:24:13.270458Z,backend/app/models/test.py - Модель теста,backend/app/models/test.py - Модель теста,create,python,8ead61b4-fe9e-4180-961d-b247979a83b6,6241f387069b1478b3bd1417322d19c804c00f2335cb88fce834eb6ba4baeb2d,1639
Create security protocols,019b4ab5-2856-75eb-b502-2957887ac5b2,assistant,2025-12-23T10:24:13.270458Z,backend/app/models/question.py - Модель вопроса,backend/app/models/question.py - Модель вопроса,create,python,a7ab7047-56c8-4a4e-aac7-dabfd4420511,45596dbc015728a0584df2299d68b866cf083c31509d8a44128ce2c30868dd8c,3114
Create security protocols,019b4ab5-2856-75eb-b502-2957887ac5b2,assistant,2025-12-23T10:24:13.270458Z,backend/app/models/session.py - Модели сессий и результатов,backend/app/models/session.py - Модели сессий и результатов,create,python,3fa41139-5daf-4478-a6c8-c9d54b68cb54,db837dffc56933e66c75069e457ccbdccc51b019a20bc33ad505ef5758638098,3258
Create security protocols,019b4ab5-2856-75eb-b502-2957887ac5b2,assistant,2025-12-23T10:24:13.270458Z,backend/app/models/image.py - Модель изображения,backend/app/models/image.py - Модель изображения,create,python,ee9fdcda-424e-40c6-86a3-0b6e69866e87,3c858d20c88e1715f758b35a17ab32ade26cd94bcac06a9d033626b02316e517,1002
Create security protocols,019b4ab5-2856-75eb-b502-2957887ac5b2,assistant,2025-12-23T10:24:13.270458Z,backend/app/utils/security.py - Безопасность,backend/app/utils/security.py - Безопасность,create,python,a9c29c00-c8ae-4c04-ae3c-723dcc0082d7,3af6e8bcd7497147e3012b31ffd970b155d64fa6ade5292b32ae2874d04dfdf7,3954
Create security protocols,019b4ab5-2856-75eb-b502-2957887ac5b2,assistant,2025-12-23T10:24:13.270458Z,backend/app/main.py - Главный файл FastAPI,backend/app/main.py - Главный файл FastAPI,create,python,c1958692-6102-4c42-b7b8-a941360cd08b,100bed557bd4dfe89453dadbad801167d9c705932a6696c787d13ad80ad6beb5,1946
Create security protocols,019b4ab5-2856-75eb-b502-2957887ac5b2,assistant,2025-12-23T10:24:13.270458Z,.env.example - Пример конфигурации,docs/Create_security_protocols/.env.example_-_Пример_конфигурации.sh,create,bash,7385b6af-d26d-42ef-8105-02e012cb3ee8,8a163472afd5377a006e0db55d30d5e9d57377402f45e93a6300e66a3507e1ea,648
Create security protocols,019b4ab5-2856-75eb-b502-2957887ac5b2,assistant,2025-12-23T10:24:13.270458Z,docker-compose.yml - Docker конфигурация,docs/Create_security_protocols/docker-compose.yml_-_Docker_конфигурация.yml,create,yaml,dd99111d-dfce-48a3-bc39-f8e2bf508328,30c9359e3e5c3ebc3e588811368b9065533cb66bdad20b343ec8ee6c1e88204d,1431
Create security protocols,019b4ab5-2856-75eb-b502-2957887ac5b2,assistant,2025-12-23T10:24:13.270458Z,backend/Dockerfile,backend/Dockerfile,create,dockerfile,07e97517-ce39-4978-9445-b1a4e478b35d,9074492da782042e66c700f329c7c0636fda2d8bd82606978e7a112b17f02cb8,747
Create security protocols,019b4ab5-2856-75eb-b502-2957887ac5b2,assistant,2025-12-23T10:24:13.270458Z,README.md - Инструкции по запуску,docs/Create_security_protocols/README.md_-_Инструкции_по_запуску.txt,create,,9daed47a-e230-48d5-91b2-305ef7838bb3,f8037407901184072a9b7a4b2ec7929643ee090bc4815d49e6042a7e89838805,7279
Create security protocols,019b4ab5-2856-75eb-b502-2957887ac5b2,assistant,2025-12-23T10:24:13.270458Z,backend/app/schemas/user.py - Pydantic схемы,backend/app/schemas/user.py - Pydantic схемы,create,python,c3dc4378-a371-4e21-823b-4c7c8a7a8ccd,01ca4b4eafd485597879699c446463edfc2c163e458ebbad2665cee541594d48,1714
Create security protocols,019b4ab5-2856-75eb-b502-2957887ac5b2,assistant,2025-12-23T10:24:13.270458Z,backend/app/api/auth.py - API аутентификации,backend/app/api/auth.py - API аутентификации,create,python,8de78721-2930-4c97-bfb5-2b53bced8515,8ce241f277cf0b666e42dee242d8322de7bd428bc62f5ddb1350c756c8203269,4984
Create security protocols,019b4ab5-2856-75eb-b502-2957887ac5b2,assistant,2025-12-23T10:24:13.270458Z,untitled,docs/Create_security_protocols/untitled.txt,update,,d5dbf693-a095-452d-a12f-0ed5fe7db954,e3b0c44298fc1c149afbf4c8996fb92427ae41e4649b934ca495991b7852b855,0
Create security protocols,019b4ab5-2856-75eb-b502-2957887ac5b2,assistant,2025-12-23T10:24:13.270458Z,untitled,docs/Create_security_protocols/untitled.txt,update,,8a831ec0-e5c7-45bd-b1b3-0398924b0a84,e3b0c44298fc1c149afbf4c8996fb92427ae41e4649b934ca495991b7852b855,0
Create security protocols,019b4ab5-2856-75eb-b502-2957887ac5b2,assistant,2025-12-23T10:24:13.270458Z,Структура __init__.py файлов,docs/Create_security_protocols/Структура_init_.py_файлов.py,create,python,3ad3729a-7b05-4e5d-813b-0232918a3885,e2b9ed06d827e67293414b18fb1d5450bc643bcea5d4c9f84d6b5852d30fb333,975
Create security protocols,019b4ab5-2856-75eb-b502-2957887ac5b2,assistant,2025-12-23T10:24:13.270458Z,backend/app/scripts/create_admin.py,backend/app/scripts/create_admin.py,create,python,666f90ac-4d30-4650-8623-a78c05a17292,07f82cef111f898bbdc079f847e14e0204643599548781a354a310055c045719,2144
Create security protocols,019b4ab5-2856-75eb-b502-2957887ac5b2,assistant,2025-12-23T10:24:13.270458Z,QUICKSTART.md - Быстрый старт,docs/Create_security_protocols/QUICKSTART.md_-_Быстрый_старт.txt,create,,82fedceb-6499-4d3e-a09b-45d54afa9344,aad8e9aceabd27431d258e27331a32a1e915525733cf1a863f18f16a78bc97e5,5006
Create security protocols,019b4ab5-2856-75eb-b502-2957887ac5b2,assistant,2025-12-23T10:24:13.270458Z,frontend/package.json,frontend/package.json,create,json,bddb1a20-28ea-4199-b11e-364b3fbf50f8,b394e885b184bd45731b02524b9d82214aefbe8d15e7d1fdee244aa00ca3f610,1001
Create security protocols,019b4ab5-2856-75eb-b502-2957887ac5b2,assistant,2025-12-23T10:24:13.270458Z,frontend/vite.config.js,frontend/vite.config.js,create,javascript,6caae28c-64dc-4928-bc74-6555d04dc27a,4a938953c4fb0c00e3b1704ed7fd7ca9bf06fec4f2fb46705cfa158dd2e66fd4,484
Create security protocols,019b4ab5-2856-75eb-b502-2957887ac5b2,assistant,2025-12-23T10:24:13.270458Z,frontend/tailwind.config.js,frontend/tailwind.config.js,create,javascript,5a5230de-f118-42cb-bff3-02f7cc282bf2,8c2c4e4d5a0032385efedf278a0089ab54c211254578e9729c3b7cc56c7467eb,500
Create security protocols,019b4ab5-2856-75eb-b502-2957887ac5b2,assistant,2025-12-23T10:24:13.270458Z,frontend/src/services/api.js,frontend/src/services/api.js,create,javascript,1aac4781-528a-47bc-ab25-d113636de037,2b16740ce9ddbabb5845689c5a52407e6e078009205588dcec418233a4785b5f,1969
Create security protocols,019b4ab5-2856-75eb-b502-2957887ac5b2,assistant,2025-12-23T10:24:13.270458Z,frontend/src/services/authService.js,frontend/src/services/authService.js,create,javascript,d7957c12-53ba-459a-bdd2-f65d27ab3053,45343c5bd2ab1cb686f1a9e1242339786a0034b944a81435fa1bb6a4f44f8d25,1356
Create security protocols,019b4ab5-2856-75eb-b502-2957887ac5b2,assistant,2025-12-23T10:24:13.270458Z,frontend/src/store/authStore.js,frontend/src/store/authStore.js,create,javascript,ac9327d8-8a5a-4dac-a4d4-ff1ea4de9e83,abfdfb9a85c53fc0dc7ebef78cb525ed9d03bd650ff568679747c04ed6846107,1408
Create security protocols,019b4ab5-2856-75eb-b502-2957887ac5b2,assistant,2025-12-23T10:24:13.270458Z,frontend/src/pages/LoginPage.jsx,frontend/src/pages/LoginPage.jsx,create,javascript,5f46047c-476d-427e-b6f8-a94a646434df,3a11068fccdac27eb7605ec162132ddb10d73ad16e5159cdfea36c5db8cf33e2,5238
Create security protocols,019b4ab5-2856-75eb-b502-2957887ac5b2,assistant,2025-12-23T10:24:13.270458Z,frontend/src/App.jsx,frontend/src/App.jsx,create,javascript,58a15b13-80c4-4ff5-80e5-20e23685091c,69688d5e55f090aece1d41582b9c4216b835027557681a51010122cb22336fd6,1827
Create security protocols,019b4ab5-2856-75eb-b502-2957887ac5b2,assistant,2025-12-23T10:24:13.270458Z,frontend/src/components/common/ProtectedRoute.jsx,frontend/src/components/common/ProtectedRoute.jsx,create,javascript,7f40a208-6e10-43eb-9682-ae63fb74b5fb,8912574177385fed91509af3b12e73daf4d3830a113b55d0f835e5971d24392a,486
Create security protocols,019b4ab5-2856-75eb-b502-2957887ac5b2,assistant,2025-12-23T10:24:13.270458Z,frontend/src/components/common/LoadingScreen.jsx,frontend/src/components/common/LoadingScreen.jsx,create,javascript,5a0a5d01-e3bd-4169-9097-b01141f1855f,26e09a8b46ead20f5db7779d196ca0303146efa3f5b4294b95dd6effb4043907,456
Create security protocols,019b4ab5-2856-75eb-b502-2957887ac5b2,assistant,2025-12-23T10:24:13.270458Z,frontend/src/pages/StudentDashboard.jsx,frontend/src/pages/StudentDashboard.jsx,create,javascript,69ca1f65-a79c-4918-acb5-da09d8ec7f85,cb3642ef2611b31ed7d858c01bbc4970e3aba0a6a2d4200f257a23a85c47ab84,3558
Create security protocols,019b4ab5-2856-75eb-b502-2957887ac5b2,assistant,2025-12-23T10:24:13.270458Z,frontend/src/pages/AdminDashboard.jsx,frontend/src/pages/AdminDashboard.jsx,create,javascript,1858a3d7-9f26-41e0-83b6-987083ebf447,5cfc2ba3ddf5d6e6bc609fc593cbfc0ec345c681853dd4b2dacd513ec06652ef,5455
Create security protocols,019b4ab5-2856-75eb-b502-2957887ac5b2,assistant,2025-12-23T10:24:13.270458Z,frontend/src/main.jsx,frontend/src/main.jsx,create,javascript,da4dc820-e472-435a-a826-a42f5500ab4f,dfe7f7d0a5d86fe1ab508f0eb8608eb46efeba6819f9bd8ade68d9af6873a739,234
Create security protocols,019b4ab5-2856-75eb-b502-2957887ac5b2,assistant,2025-12-23T10:24:13.270458Z,frontend/src/index.css,frontend/src/index.css,create,css,c1dee371-a9e9-4ac2-9358-469e64a77465,c84969ab71d2cfe92c1fcb9f1d841a5e5178b9dd24e311abd121a2133868d18b,407
Create security protocols,019b4ab5-2856-75eb-b502-2957887ac5b2,assistant,2025-12-23T10:24:13.270458Z,frontend/index.html,frontend/index.html,create,,213a8282-539f-42f2-b3e5-4f4685e054fe,1b05362a0989936bd9c4b0670b45694fa436dfbbf2745f458632884a3037e8e6,404
Create security protocols,019b4ab5-2856-75eb-b502-2957887ac5b2,assistant,2025-12-23T10:24:13.270458Z,DEPLOYMENT.md - Полная инструкция по развертыванию,docs/Create_security_protocols/DEPLOYMENT.md_-_Полная_инструкция_по_развертыванию.txt,create,,6c5c7dc0-f5d1-4e04-8a8d-e4224fb18206,ae5487fc5285021370295154dfa4d39a1eef48bbd517ba4fa1e6eebaea5f330a,9633
Create security protocols,019b4ab5-2856-75eb-b502-2957887ac5b2,assistant,2025-12-23T10:24:13.270458Z,PROJECT_STATUS.md - Статус и план разработки,docs/Create_security_protocols/PROJECT_STATUS.md_-_Статус_и_план_разработки.txt,create,,574be927-b7eb-463f-a507-4b0c193f18b3,80b12e52e4876bc0c3baee9b7f0de72316e8aa0415d3c660a50f94416f55d22a,13224
Create security protocols,019b4f6c-b072-7316-a285-99c6bc77973b,assistant,2025-12-24T08:19:26.743257Z,backend/app/schemas/test.py - Схемы для тестов,backend/app/schemas/test.py - Схемы для тестов,create,python,63be059a-88b2-422b-938e-190b3cbb2840,2017758707b3e537954e5bb6e30c38741da512e194d24178450c191a1ea2396a,5074
Create security protocols,019b4f6c-b072-7316-a285-99c6bc77973b,assistant,2025-12-24T08:19:26.743257Z,backend/app/services/test_service.py - Бизнес-логика тестов,backend/app/services/test_service.py - Бизнес-логика тестов,create,python,57ad3f65-8454-411f-9196-a37b74d7fa36,56c625a1f44bad951a0b8ca1a11f9d1a9d81a74c94c750bfa33171bdc201bccc,11354
Create security protocols,019b4f6c-b072-7316-a285-99c6bc77973b,assistant,2025-12-24T08:19:26.743257Z,backend/app/api/tests.py - API для тестов,backend/app/api/tests.py - API для тестов,create,python,f48f6e18-7f25-40c9-aafb-2d58d49a2d4d,71b2f808ce466708060b34bbefa150f7c909784fccc84f8ec612fc97e3d0fd39,10495
Create security protocols,019b4f6c-b072-7316-a285-99c6bc77973b,assistant,2025-12-24T08:19:26.743257Z,untitled,docs/Create_security_protocols/untitled.txt,update,,c181690c-355c-4b2d-9a6a-97356d51888d,e3b0c44298fc1c149afbf4c8996fb92427ae41e4649b934ca495991b7852b855,0
Create security protocols,019b4f6c-b072-7316-a285-99c6bc77973b,assistant,2025-12-24T08:19:26.743257Z,untitled,docs/Create_security_protocols/untitled.txt,update,,168849c7-0c9c-4316-bfae-287ce35d2c40,e3b0c44298fc1c149afbf4c8996fb92427ae41e4649b934ca495991b7852b855,0
Create security protocols,019b4f6c-b072-7316-a285-99c6bc77973b,assistant,2025-12-24T08:19:26.743257Z,untitled,docs/Create_security_protocols/untitled.txt,update,,5e071880-1fa5-4069-9df5-889d5be32020,e3b0c44298fc1c149afbf4c8996fb92427ae41e4649b934ca495991b7852b855,0
Create security protocols,019b4f6c-b072-7316-a285-99c6bc77973b,assistant,2025-12-24T08:19:26.743257Z,API_TESTS_GUIDE.md - Руководство по API тестов,docs/Create_security_protocols/API_TESTS_GUIDE.md_-_Руководство_по_API_тестов.txt,create,,71f171ea-06fc-4eb0-b418-e0f30111c074,802d77503534c4be530f3e8c34e45468826ae4370914a1a6d6625572ee47cf2c,13473
Create security protocols,019b4f6c-b072-7316-a285-99c6bc77973b,assistant,2025-12-24T08:19:26.743257Z,frontend/src/services/testService.js,frontend/src/services/testService.js,create,javascript,f20d0b32-3389-4cdc-b4d0-1949919e4925,bbbb8b034e8c4162b1323ac3835fa7a93ec7158247f329b11b26c6d372562df1,4183
Create security protocols,019b4f6c-b072-7316-a285-99c6bc77973b,assistant,2025-12-24T08:19:26.743257Z,frontend/src/components/test/TestList.jsx,frontend/src/components/test/TestList.jsx,create,javascript,65d831f3-1d74-4bd8-a39d-73e13dd2c256,6d50db706ef8eb18500dd7cc14d082c10826a0b71348976f5762911abf50685b,10921
Create security protocols,019b4f6c-b072-7316-a285-99c6bc77973b,assistant,2025-12-24T08:19:26.743257Z,TESTING_API.md - Руководство по тестированию API,docs/Create_security_protocols/TESTING_API.md_-_Руководство_по_тестированию_API.txt,create,,8a3e26b4-6eb2-4469-88c8-e2ecf4818824,a7e481d5b25ee7446c42ce44f9744b2a67113a012d21ca508894db0c9ebea6bc,10326
Create security protocols,019b4f6c-b072-7316-a285-99c6bc77973b,assistant,2025-12-24T08:19:26.743257Z,untitled,docs/Create_security_protocols/untitled.txt,update,,7640abe3-836a-483d-b527-e6baed2c5244,e3b0c44298fc1c149afbf4c8996fb92427ae41e4649b934ca495991b7852b855,0
Create security protocols,019b4f71-ddd3-70c5-83aa-ccb218fac6b0,assistant,2025-12-24T08:25:26.108764Z,frontend/src/pages/TestCreatorPage.jsx,frontend/src/pages/TestCreatorPage.jsx,create,javascript,f138d199-0d9d-4496-8833-bffbf88739e1,8571f5bad2e72145a4fd3169f56043e34739df916259dd5ecd068e3a29486f50,8404
Create security protocols,019b4f71-ddd3-70c5-83aa-ccb218fac6b0,assistant,2025-12-24T08:25:26.108764Z,frontend/src/components/test/TestBasicInfo.jsx,frontend/src/components/test/TestBasicInfo.jsx,create,javascript,622a2b07-66c4-498b-89e2-49fcd0cf9094,5e5f6da18249a345ca0e8b0f093e47d968a9dd44c2df382f71f74c1fe6277c93,7762
Create security protocols,019b4f71-ddd3-70c5-83aa-ccb218fac6b0,assistant,2025-12-24T08:25:26.108764Z,frontend/src/components/test/QuestionList.jsx,frontend/src/components/test/QuestionList.jsx,create,javascript,be7dcb1a-e3d4-4b8c-9380-939ac1aabb39,1cd3661633242a763dc312d4b3eb1c1106af2bb451477fff5dd754cf2d12587a,7997
Create security protocols,019b4f71-ddd3-70c5-83aa-ccb218fac6b0,assistant,2025-12-24T08:25:26.108764Z,frontend/src/components/test/QuestionEditor.jsx,frontend/src/components/test/QuestionEditor.jsx,create,javascript,36532a4f-75e4-49ad-8959-ecd935e3a53f,3ac7353cde54c52dcdcb23821e45c8517aaec6aed40c20247ba6b760b48e2a83,12475
Create security protocols,019b4f71-ddd3-70c5-83aa-ccb218fac6b0,assistant,2025-12-24T08:25:26.108764Z,untitled,docs/Create_security_protocols/untitled.txt,update,,05177e63-8149-4a67-9660-9658afe90ed4,e3b0c44298fc1c149afbf4c8996fb92427ae41e4649b934ca495991b7852b855,0
Create security protocols,019b4f71-ddd3-70c5-83aa-ccb218fac6b0,assistant,2025-12-24T08:25:26.108764Z,untitled,docs/Create_security_protocols/untitled.txt,update,,c70bdd5b-1b7a-428c-a077-69cf3acb9c64,e3b0c44298fc1c149afbf4c8996fb92427ae41e4649b934ca495991b7852b855,0
Create security protocols,019b4f71-ddd3-70c5-83aa-ccb218fac6b0,assistant,2025-12-24T08:25:26.108764Z,untitled,docs/Create_security_protocols/untitled.txt,update,,41a0f002-1e05-4e54-8766-fe40e72cdfc9,e3b0c44298fc1c149afbf4c8996fb92427ae41e4649b934ca495991b7852b855,0
Create security protocols,019b4f71-ddd3-70c5-83aa-ccb218fac6b0,assistant,2025-12-24T08:25:26.108764Z,untitled,docs/Create_security_protocols/untitled.txt,update,,93c983e5-f93c-4d2a-8273-945612c027cd,e3b0c44298fc1c149afbf4c8996fb92427ae41e4649b934ca495991b7852b855,0
Create security protocols,019b4f71-ddd3-70c5-83aa-ccb218fac6b0,assistant,2025-12-24T08:25:26.108764Z,frontend/src/pages/TestPreviewPage.jsx,frontend/src/pages/TestPreviewPage.jsx,create,javascript,b1eb3435-32c6-4c52-959e-f3bc4b857f03,2c917243bd933e3dbb2b6f5370d74e6b02d29e05736e9edcd940acbcdab43ef4,10791
Create security protocols,019b4f71-ddd3-70c5-83aa-ccb218fac6b0,assistant,2025-12-24T08:25:26.108764Z,untitled,docs/Create_security_protocols/untitled.txt,update,,4dedbaad-4e65-4793-a4b6-0636c118e7ba,e3b0c44298fc1c149afbf4c8996fb92427ae41e4649b934ca495991b7852b855,0
Create security protocols,019b4f71-ddd3-70c5-83aa-ccb218fac6b0,assistant,2025-12-24T08:25:26.108764Z,untitled,docs/Create_security_protocols/untitled.txt,update,,2ec5aff2-c881-4d6f-b505-c49a297d9e70,e3b0c44298fc1c149afbf4c8996fb92427ae41e4649b934ca495991b7852b855,0
Create security protocols,019b4f71-ddd3-70c5-83aa-ccb218fac6b0,assistant,2025-12-24T08:25:26.108764Z,TEST_EDITOR_GUIDE.md - Руководство по редактору тестов,docs/Create_security_protocols/TEST_EDITOR_GUIDE.md_-_Руководство_по_редактору_тестов.txt,create,,fa4cb769-1a41-48d4-9392-bd0f504b3ea7,374ce1d99aa0b6cc0ab90d315b21a182a68d730496f05c62bf8e23d88291292b,14302
Create security protocols,019b4f71-ddd3-70c5-83aa-ccb218fac6b0,assistant,2025-12-24T08:25:26.108764Z,untitled,docs/Create_security_protocols/untitled.txt,update,,0ec7392d-431d-4685-8072-317028cc0813,e3b0c44298fc1c149afbf4c8996fb92427ae41e4649b934ca495991b7852b855,0
Create security protocols,019b4f77-5f8b-73a8-9320-11cd8f288a9b,assistant,2025-12-24T08:31:58.951168Z,backend/app/schemas/session.py - Схемы для сессий,backend/app/schemas/session.py - Схемы для сессий,create,python,4651ffd6-bc6f-43a4-9de0-58ee28a9099b,679636fc7f6d00faf93c732c1f8195a3f356c85ba530ad9fe355d03da93af701,3072
Create security protocols,019b4f77-5f8b-73a8-9320-11cd8f288a9b,assistant,2025-12-24T08:31:58.951168Z,backend/app/services/session_service.py - Сервис для сессий,backend/app/services/session_service.py - Сервис для сессий,create,python,f8d4be3d-bc58-47eb-9c39-8c6e8a2d3bcc,8e0a0f18837f14a1607eedf8c861c46daefc045f6228f46c21e95aa4f9b5c663,15605
Create security protocols,019b4f77-5f8b-73a8-9320-11cd8f288a9b,assistant,2025-12-24T08:31:58.951168Z,backend/app/api/sessions.py - API для прохождения тестов,backend/app/api/sessions.py - API для прохождения тестов,create,python,7b9ee7cc-1e9e-4b88-8fe8-3f5bf2839281,ecde74faa409b1a9e2e3dfeb02727fd15f3108aa028c31a87c667ec864c79beb,6097
Create security protocols,019b4f77-5f8b-73a8-9320-11cd8f288a9b,assistant,2025-12-24T08:31:58.951168Z,untitled,docs/Create_security_protocols/untitled.txt,update,,e376fee1-9559-4476-a045-3bbbb02c1fcc,e3b0c44298fc1c149afbf4c8996fb92427ae41e4649b934ca495991b7852b855,0
Create security protocols,019b4f77-5f8b-73a8-9320-11cd8f288a9b,assistant,2025-12-24T08:31:58.951168Z,untitled,docs/Create_security_protocols/untitled.txt,update,,912fe2c5-6f25-4057-9766-6fdf9e355919,e3b0c44298fc1c149afbf4c8996fb92427ae41e4649b934ca495991b7852b855,0
Create security protocols,019b4f77-5f8b-73a8-9320-11cd8f288a9b,assistant,2025-12-24T08:31:58.951168Z,frontend/src/services/sessionService.js,frontend/src/services/sessionService.js,create,javascript,660cec65-224d-4d9b-a01b-f06df741ef8c,a6e67cc31588198856034f71c367fc0096be58ee2d6aaffca9deb39b6fb83b3a,2023
Create security protocols,019b4f77-5f8b-73a8-9320-11cd8f288a9b,assistant,2025-12-24T08:31:58.951168Z,frontend/src/pages/TestTakingPage.jsx,frontend/src/pages/TestTakingPage.jsx,create,javascript,dbd3d278-a9a0-4d22-9dbb-b2b15c0b85de,f398333b6bd5587e691c0fd6388b2df74a1093f76ff653c82858df42b10b46fe,7447
Create security protocols,019b4f77-5f8b-73a8-9320-11cd8f288a9b,assistant,2025-12-24T08:31:58.951168Z,frontend/src/components/test/QuestionView.jsx,frontend/src/components/test/QuestionView.jsx,create,javascript,fb4737d2-fa97-4c07-be65-6731cef00ffe,ea5b8ed8b8c5ecb98de3b8e9ffc3c9289cbd27f1d780728e48ee44e0d092508d,5178
Create security protocols,019b4f77-5f8b-73a8-9320-11cd8f288a9b,assistant,2025-12-24T08:31:58.951168Z,frontend/src/components/test/TestTimer.jsx,frontend/src/components/test/TestTimer.jsx,create,javascript,6eb5a57c-7f30-49fe-887e-fce538fca0a2,a7248ac5834d165a062bc27dea8dad0fac78ac1a5a42f9f38d406c0feb70a0fe,1173
Create security protocols,019b4f77-5f8b-73a8-9320-11cd8f288a9b,assistant,2025-12-24T08:31:58.951168Z,frontend/src/components/test/TestProgress.jsx,frontend/src/components/test/TestProgress.jsx,create,javascript,b1dbf00c-caf6-4776-937a-1b6060a3ea28,5cd49a676d659a194ea09974f24a74a0a40d1879ae6e330c6266ecb3569d8c36,1044
Create security protocols,019b4f77-5f8b-73a8-9320-11cd8f288a9b,assistant,2025-12-24T08:31:58.951168Z,frontend/src/pages/TestResultsPage.jsx,frontend/src/pages/TestResultsPage.jsx,create,javascript,d491e30d-c409-4abd-ac32-a0b21488d398,cb1437c78b96d32fd9499dac0f1d929c1e94ba1012d38d3289e807dab073e271,10968
Create security protocols,019b4f77-5f8b-73a8-9320-11cd8f288a9b,assistant,2025-12-24T08:31:58.951168Z,untitled,docs/Create_security_protocols/untitled.txt,update,,4a9ec8db-6eb5-4276-ae93-43277b5f2129,e3b0c44298fc1c149afbf4c8996fb92427ae41e4649b934ca495991b7852b855,0
Create security protocols,019b4f77-5f8b-73a8-9320-11cd8f288a9b,assistant,2025-12-24T08:31:58.951168Z,untitled,docs/Create_security_protocols/untitled.txt,update,,c464487f-c12f-4dab-b85f-f52cab759d46,e3b0c44298fc1c149afbf4c8996fb92427ae41e4649b934ca495991b7852b855,0
Create security protocols,019b4f77-5f8b-73a8-9320-11cd8f288a9b,assistant,2025-12-24T08:31:58.951168Z,untitled,docs/Create_security_protocols/untitled.txt,update,,440f0971-237e-45f7-b64f-e0e7532c5104,e3b0c44298fc1c149afbf4c8996fb92427ae41e4649b934ca495991b7852b855,0
Create security protocols,019b4f77-5f8b-73a8-9320-11cd8f288a9b,assistant,2025-12-24T08:31:58.951168Z,untitled,docs/Create_security_protocols/untitled.txt,update,,ce402d4a-4fe7-4b9a-bcb7-04342b1e7157,e3b0c44298fc1c149afbf4c8996fb92427ae41e4649b934ca495991b7852b855,0
Create security protocols,019b4f77-5f8b-73a8-9320-11cd8f288a9b,assistant,2025-12-24T08:31:58.951168Z,untitled,docs/Create_security_protocols/untitled.txt,update,,c2f2839a-0782-4f14-bf03-a8d9a5766b1c,e3b0c44298fc1c149afbf4c8996fb92427ae41e4649b934ca495991b7852b855,0
Create security protocols,019b4f77-5f8b-73a8-9320-11cd8f288a9b,assistant,2025-12-24T08:31:58.951168Z,TEST_TAKING_GUIDE.md - Руководство по прохождению тестов,docs/Create_security_protocols/TEST_TAKING_GUIDE.md_-_Руководство_по_прохождению_тестов.md,create,markdown,27b7f6ea-d407-4830-b033-b8f3958ec8b0,8319085073f1a729e317acf509c74bcd4ccf2ddfdb96aa4cfcbb8f9075b2ccf5,10232
Create security protocols,019b4f77-5f8b-73a8-9320-11cd8f288a9b,assistant,2025-12-24T08:31:58.951168Z,untitled,docs/Create_security_protocols/untitled.txt,update,,cae4bb4f-6c17-4aa8-b996-1755ba326183,e3b0c44298fc1c149afbf4c8996fb92427ae41e4649b934ca495991b7852b855,0
Create security protocols,019b547f-b97a-76cc-82e4-f64c559e739e,assistant,2025-12-25T07:57:49.260643Z,backend/app/api/images.py - API для изображений,backend/app/api/images.py - API для изображений,create,python,a7b8c618-a09c-4e48-be07-80dbb51cf625,ff195481775b826573d2343244e1793625ea3471da58fd1af55414b4e9a83960,5063
Create security protocols,019b547f-b97a-76cc-82e4-f64c559e739e,assistant,2025-12-25T07:57:49.260643Z,untitled,docs/Create_security_protocols/untitled.txt,update,,412f36ed-123a-4935-aa5f-ac0edc87c578,e3b0c44298fc1c149afbf4c8996fb92427ae41e4649b934ca495991b7852b855,0
Create security protocols,019b547f-b97a-76cc-82e4-f64c559e739e,assistant,2025-12-25T07:57:49.260643Z,untitled,docs/Create_security_protocols/untitled.txt,update,,889e7e89-6cb2-4f8d-a6bd-1f86d513dddc,e3b0c44298fc1c149afbf4c8996fb92427ae41e4649b934ca495991b7852b855,0
Create security protocols,019b547f-b97a-76cc-82e4-f64c559e739e,assistant,2025-12-25T07:57:49.260643Z,frontend/src/components/canvas/CanvasEditor.jsx,frontend/src/components/canvas/CanvasEditor.jsx,create,javascript,d1ec1226-3bd8-4319-8138-09b7c536dfeb,4a718c011549dba5ed6d1156cd9b96de6d1ae2aa2b45c585d7dde1b4ccd2aeaf,9797
Create security protocols,019b547f-b97a-76cc-82e4-f64c559e739e,assistant,2025-12-25T07:57:49.260643Z,frontend/src/components/common/ImageUploader.jsx,frontend/src/components/common/ImageUploader.jsx,create,javascript,fafdec3a-93c9-489c-9d62-a16c1dc443dc,a6aaf101a5c7c746bcee7049786e9a75ceaa1734bcd06523f2f556024324769a,4003
Create security protocols,019b547f-b97a-76cc-82e4-f64c559e739e,assistant,2025-12-25T07:57:49.260643Z,untitled,docs/Create_security_protocols/untitled.txt,update,,b2daadc2-33d0-4a51-8ec1-a5b49dc75bf3,e3b0c44298fc1c149afbf4c8996fb92427ae41e4649b934ca495991b7852b855,0
Create security protocols,019b547f-b97a-76cc-82e4-f64c559e739e,assistant,2025-12-25T07:57:49.260643Z,untitled,docs/Create_security_protocols/untitled.txt,update,,00caebe0-e38f-406e-8a93-285e6d9060b5,e3b0c44298fc1c149afbf4c8996fb92427ae41e4649b934ca495991b7852b855,0
Create security protocols,019b547f-b97a-76cc-82e4-f64c559e739e,assistant,2025-12-25T07:57:49.260643Z,frontend/src/components/test/ImageAnnotationQuestion.jsx,frontend/src/components/test/ImageAnnotationQuestion.jsx,create,javascript,9b6eec13-63b1-4369-9142-14531a1f23dd,ed8cc62b24548f0efaaf9f2ef9689d18f314051cfb6490d11c27e06c3ca03e8d,2517
Create security protocols,019b547f-b97a-76cc-82e4-f64c559e739e,assistant,2025-12-25T07:57:49.260643Z,untitled,docs/Create_security_protocols/untitled.txt,update,,3b9cc808-ec0a-420d-b005-6694ef4badcf,e3b0c44298fc1c149afbf4c8996fb92427ae41e4649b934ca495991b7852b855,0
Create security protocols,019b547f-b97a-76cc-82e4-f64c559e739e,assistant,2025-12-25T07:57:49.260643Z,untitled,docs/Create_security_protocols/untitled.txt,update,,6a41a7fd-eb49-43a2-8f34-e75a356c14fa,e3b0c44298fc1c149afbf4c8996fb92427ae41e4649b934ca495991b7852b855,0
Create security protocols,019b547f-b97a-76cc-82e4-f64c559e739e,assistant,2025-12-25T07:57:49.260643Z,untitled,docs/Create_security_protocols/untitled.txt,update,,e1691875-63fe-4175-9243-78fd40efad41,e3b0c44298fc1c149afbf4c8996fb92427ae41e4649b934ca495991b7852b855,0
Create security protocols,019b547f-b97a-76cc-82e4-f64c559e739e,assistant,2025-12-25T07:57:49.260643Z,untitled,docs/Create_security_protocols/untitled.txt,update,,480e0b1a-c00f-4184-aec7-d283457c2851,e3b0c44298fc1c149afbf4c8996fb92427ae41e4649b934ca495991b7852b855,0
Create security protocols,019b547f-b97a-76cc-82e4-f64c559e739e,assistant,2025-12-25T07:57:49.260643Z,untitled,docs/Create_security_protocols/untitled.txt,update,,9ffd1fc7-09ae-4dad-8fdb-5b3f71821068,e3b0c44298fc1c149afbf4c8996fb92427ae41e4649b934ca495991b7852b855,0
Create security protocols,019b547f-b97a-76cc-82e4-f64c559e739e,assistant,2025-12-25T07:57:49.260643Z,CANVAS_GUIDE.md - Руководство по Canvas редактору,docs/Create_security_protocols/CANVAS_GUIDE.md_-_Руководство_по_Canvas_редактору.txt,create,,3ce64325-5208-4c7b-9a12-f033104ec1ef,fb49d715f78bf83d9b9ad59acbc9a9b06e645141761f1f37ba90cc54832ddf3e,14009
Create security protocols,019b547f-b97a-76cc-82e4-f64c559e739e,assistant,2025-12-25T07:57:49.260643Z,untitled,docs/Create_security_protocols/untitled.txt,update,,93524759-a922-4b23-ba85-3e7c81fd0147,e3b0c44298fc1c149afbf4c8996fb92427ae41e4649b934ca495991b7852b855,0
Create security protocols,019b5486-b2bb-7518-a453-250ccf98814c,assistant,2025-12-25T08:06:21.947558Z,backend/app/schemas/statistics.py - Схемы для статистики,backend/app/schemas/statistics.py - Схемы для статистики,create,python,7061d95b-94e1-4f72-bced-88768762e2ff,1b7db9b8404f930f3129fb6383d4606816718c2ef3ffc5f63bdfa5972d94ae95,4652
Create security protocols,019b5486-b2bb-7518-a453-250ccf98814c,assistant,2025-12-25T08:06:21.947558Z,backend/app/services/statistics_service.py - Сервис статистики,backend/app/services/statistics_service.py - Сервис статистики,create,python,fbb5fe29-6688-4962-89bc-b258e6228a0d,2e8353a5e8e7092af93b10671d2e369f96862b664ae502da4c6620774b3282c6,15009
Create security protocols,019b5486-b2bb-7518-a453-250ccf98814c,assistant,2025-12-25T08:06:21.947558Z,backend/app/api/statistics.py - API статистики,backend/app/api/statistics.py - API статистики,create,python,03f006e6-355a-4d79-8ea3-e3e817ccfc79,3d5d9ec8c7c641f548087563d95441be5511277a85a168c018f12e76ba9b5922,5964
Create security protocols,019b5486-b2bb-7518-a453-250ccf98814c,assistant,2025-12-25T08:06:21.947558Z,untitled,docs/Create_security_protocols/untitled.txt,update,,558bc43f-7733-4791-be97-2abc468a64d2,e3b0c44298fc1c149afbf4c8996fb92427ae41e4649b934ca495991b7852b855,0
Create security protocols,019b5486-b2bb-7518-a453-250ccf98814c,assistant,2025-12-25T08:06:21.947558Z,untitled,docs/Create_security_protocols/untitled.txt,update,,90783a2a-c05c-4bad-944e-9728620e0c11,e3b0c44298fc1c149afbf4c8996fb92427ae41e4649b934ca495991b7852b855,0
Create security protocols,019b5486-b2bb-7518-a453-250ccf98814c,assistant,2025-12-25T08:06:21.947558Z,frontend/src/pages/StatisticsPage.jsx,frontend/src/pages/StatisticsPage.jsx,create,javascript,d213d974-da95-48ae-acc2-8a5c37d91291,09d3f8e5c9ab7a7f4eee2aa0fa952401b58af6dc35e0e05cc328a820a20ecf65,6251
Create security protocols,019b5486-b2bb-7518-a453-250ccf98814c,assistant,2025-12-25T08:06:21.947558Z,frontend/src/components/statistics/QuestionBreakdown.jsx,frontend/src/components/statistics/QuestionBreakdown.jsx,create,javascript,950c1673-6a33-421c-8c5a-bc15548b1f34,828441acf8f3fb783db26147efad41c5626ffd6a59ae64454ac3f84176862faf,4359
Create security protocols,019b5486-b2bb-7518-a453-250ccf98814c,assistant,2025-12-25T08:06:21.947558Z,frontend/src/components/statistics/Leaderboard.jsx,frontend/src/components/statistics/Leaderboard.jsx,create,javascript,21c5f97e-3691-42c7-a174-91a944480ba8,6bcf4d2c363e691114b90f7bc8a888b0ebb98c5bf7e4d8d0d829d01d31a87355,3155
Create security protocols,019b5486-b2bb-7518-a453-250ccf98814c,assistant,2025-12-25T08:06:21.947558Z,frontend/src/components/statistics/TestStatsChart.jsx,frontend/src/components/statistics/TestStatsChart.jsx,create,javascript,cb4ba446-3b9c-4da6-bc6e-88a1ca5c43c5,9a021831e4ea2d58b1c7f4c1c2e83f64516c700dca5b7456d0d736116bf7616a,2456
Create security protocols,019b5486-b2bb-7518-a453-250ccf98814c,assistant,2025-12-25T08:06:21.947558Z,untitled,docs/Create_security_protocols/untitled.txt,update,,b7f3d16f-d6b9-46d8-b021-769a9afad3de,e3b0c44298fc1c149afbf4c8996fb92427ae41e4649b934ca495991b7852b855,0
Create security protocols,019b5486-b2bb-7518-a453-250ccf98814c,assistant,2025-12-25T08:06:21.947558Z,untitled,docs/Create_security_protocols/untitled.txt,update,,c16080dd-8957-4821-b653-02e7f88d73c8,e3b0c44298fc1c149afbf4c8996fb92427ae41e4649b934ca495991b7852b855,0
Create security protocols,019b5486-b2bb-7518-a453-250ccf98814c,assistant,2025-12-25T08:06:21.947558Z,untitled,docs/Create_security_protocols/untitled.txt,update,,9f332cda-fee1-46c5-a9bc-240c9601c5ee,e3b0c44298fc1c149afbf4c8996fb92427ae41e4649b934ca495991b7852b855,0
Create security protocols,019b5486-b2bb-7518-a453-250ccf98814c,assistant,2025-12-25T08:06:21.947558Z,untitled,docs/Create_security_protocols/untitled.txt,update,,8e6312be-5cd0-4aed-836c-159528eee122,e3b0c44298fc1c149afbf4c8996fb92427ae41e4649b934ca495991b7852b855,0
Create security protocols,019b5486-b2bb-7518-a453-250ccf98814c,assistant,2025-12-25T08:06:21.947558Z,STATISTICS_GUIDE.md - Руководство по статистике,docs/Create_security_protocols/STATISTICS_GUIDE.md_-_Руководство_по_статистике.txt,create,,ec32c03a-b0ee-4e5e-9915-b95f37beda12,2b60ea8f451900d166b7f369bb6950cb3ce69e4fcd7700dcab91207a9d355265,13658
Create security protocols,019b5486-b2bb-7518-a453-250ccf98814c,assistant,2025-12-25T08:06:21.947558Z,untitled,docs/Create_security_protocols/untitled.txt,update,,b04924ce-804f-4248-8340-8a44a594fb0a,e3b0c44298fc1c149afbf4c8996fb92427ae41e4649b934ca495991b7852b855,0
Create security protocols,019b5486-b2bb-7518-a453-250ccf98814c,assistant,2025-12-25T08:06:21.947558Z,untitled,docs/Create_security_protocols/untitled.txt,update,,1ef9854b-e954-49bc-a73b-7b223076e533,e3b0c44298fc1c149afbf4c8996fb92427ae41e4649b934ca495991b7852b855,0
Create security protocols,019b54a6-2e33-7540-ad63-88ebadb1204c,assistant,2025-12-25T08:37:31.354100Z,frontend/src/components/test/MatchingQuestion.jsx,frontend/src/components/test/MatchingQuestion.jsx,create,javascript,fed8852f-196f-4a3e-b57b-d6533e03bd1e,182c640324e897c410909a1130c55daceb9a46caead6722f0c1f025b7468edba,6333
Create security protocols,019b54a6-2e33-7540-ad63-88ebadb1204c,assistant,2025-12-25T08:37:31.354100Z,frontend/src/components/test/OrderingQuestion.jsx,frontend/src/components/test/OrderingQuestion.jsx,create,javascript,74e9b918-5563-4169-96a4-7bb0d09a9f47,570a9ae21fd95379677335adb15af2dbd86c98654fc514fa0c18b8c4356575e0,5203
Create security protocols,019b54a6-2e33-7540-ad63-88ebadb1204c,assistant,2025-12-25T08:37:31.354100Z,untitled,docs/Create_security_protocols/untitled.txt,update,,40847ea3-9b0a-4dd2-b940-06366ce7f94c,e3b0c44298fc1c149afbf4c8996fb92427ae41e4649b934ca495991b7852b855,0
Create security protocols,019b54a6-2e33-7540-ad63-88ebadb1204c,assistant,2025-12-25T08:37:31.354100Z,untitled,docs/Create_security_protocols/untitled.txt,update,,4bc7c4c6-97fd-4967-a55f-df08a49769ec,e3b0c44298fc1c149afbf4c8996fb92427ae41e4649b934ca495991b7852b855,0
Create security protocols,019b54a6-2e33-7540-ad63-88ebadb1204c,assistant,2025-12-25T08:37:31.354100Z,untitled,docs/Create_security_protocols/untitled.txt,update,,48bff8d7-3394-452f-9300-48e2a03b460f,e3b0c44298fc1c149afbf4c8996fb92427ae41e4649b934ca495991b7852b855,0
Create security protocols,019b54a6-2e33-7540-ad63-88ebadb1204c,assistant,2025-12-25T08:37:31.354100Z,untitled,docs/Create_security_protocols/untitled.txt,update,,1582a255-99a6-402a-8440-beefa0a1cdfe,e3b0c44298fc1c149afbf4c8996fb92427ae41e4649b934ca495991b7852b855,0
Create security protocols,019b54a6-2e33-7540-ad63-88ebadb1204c,assistant,2025-12-25T08:37:31.354100Z,untitled,docs/Create_security_protocols/untitled.txt,update,,52e091e5-b06a-4e3d-9fb5-23d61626ed8a,e3b0c44298fc1c149afbf4c8996fb92427ae41e4649b934ca495991b7852b855,0
Create security protocols,019b54a6-2e33-7540-ad63-88ebadb1204c,assistant,2025-12-25T08:37:31.354100Z,untitled,docs/Create_security_protocols/untitled.txt,update,,550aa952-bd41-4375-9306-d48b074af8d3,e3b0c44298fc1c149afbf4c8996fb92427ae41e4649b934ca495991b7852b855,0
Продолжение предыдущего диалога,019ba730-3e41-73f6-87db-bc8a0a9c86c3,assistant,2026-01-10T09:15:20.454619Z,Оффлайн система тестирования,docs/Продолжение_предыдущего_диалога/Оффлайн_система_тестирования.txt,create,,f007a2ab-4c56-42d5-8d26-8b54b54d1874,c1b0615490e864f216c53bc0be94606734768a4cd800a641b34da92440177250,230
Продолжение предыдущего диалога,019ba730-895b-72c0-8dad-c859556bd588,assistant,2026-01-10T09:16:56.962339Z,Оффлайн система тестирования v2.0,docs/Продолжение_предыдущего_диалога/Оффлайн_система_тестирования_v2.0.txt,create,,f9f7c7eb-005a-48cf-a858-108a03bc4437,f4058e1cce4ce4322b9343e6ce0e5cd751f469bbe8f6639ed276dd730ef6d85e,29671
Продолжение предыдущего диалога,019ba732-dd37-7668-8b7c-7f05eb438ced,assistant,2026-01-10T09:19:31.461254Z,untitled,docs/Продолжение_предыдущего_диалога/untitled.txt,rewrite,,ab5ca74d-9cd0-4e3e-935b-d595b7d6eb2f,bb21dd439142558e53f2d1e3f2cabf8bae48b38bc7c1caa6b5267c394760e22b,29848
Продолжение предыдущего диалога,019ba736-6b2e-7415-a97d-84347489277e,assistant,2026-01-10T09:23:23.952434Z,untitled,docs/Продолжение_предыдущего_диалога/untitled.txt,rewrite,,3f5c661f-30c5-4e33-a774-21729af65e41,42e269c1cbfdc2c8bf6b579be48bd1b832941faded304494b2760c7c796b07f2,28733
Продолжение предыдущего диалога,019ba738-04ea-7358-9db7-a2390397446b,assistant,2026-01-10T09:25:09.043161Z,untitled,docs/Продолжение_предыдущего_диалога/untitled.txt,rewrite,,98128ab4-1aad-429d-9302-b170677307ac,d558bb854efe7d7673301b1609c1e208e862115b16d436379d860ce308b9305a,28742
Продолжение предыдущего диалога,019bb127-ff31-7236-8ddd-05bc7448e8e8,assistant,2026-01-12T07:43:54.482231Z,untitled,docs/Продолжение_предыдущего_диалога/untitled.txt,rewrite,,e22fd4cf-17bd-4531-a611-c566b2ccdebf,03df6f43df1a49bdb47e9e001e991d91d5c89a02a458b3d20faff25243819135,27383
Продолжение предыдущего диалога,019bb129-e0e2-749c-81ea-61084413355d,assistant,2026-01-12T07:46:04.181527Z,untitled,docs/Продолжение_предыдущего_диалога/untitled.txt,rewrite,,8e186108-225f-4943-83f3-4661ef9c7d57,c50a4ccd566c57be81247820acb3782dd89abf3fb022f796b6762018c4f2fca8,24473
Продолжение предыдущего диалога,019bb12e-1c48-7417-a061-42ed30428ff3,assistant,2026-01-12T07:50:27.515236Z,untitled,docs/Продолжение_предыдущего_диалога/untitled.txt,rewrite,,363b998f-6448-4470-b4f3-a1dd393db99e,cf236a61b985d6b20a3586522e09ea716490a01da4ce63d9dd19a1df16992f8b,18161
Продолжение предыдущего диалога,019bb5fe-4a19-7773-804f-a6f0468ea722,assistant,2026-01-13T06:16:32.797563Z,untitled,docs/Продолжение_предыдущего_диалога/untitled.txt,rewrite,,5229d502-40d7-4b68-bee4-ba6860b6976f,76382777763f78235ba556da6facd5da5dcddb5edc700e1b526662f5a197f922,25744
Продолжение предыдущего диалога,019bb600-0969-7796-bc18-fd93588c05e6,assistant,2026-01-13T06:18:33.137678Z,untitled,docs/Продолжение_предыдущего_диалога/untitled.txt,rewrite,,985aa9a1-e4e8-48c9-ac68-ce1e4ed163b6,4e6a92aeb76d64326de6ace03ea487a2e2dc60e423ed9e6f9ba2f4e126e0f125,24190
Recall previous discussion,019b5b77-baca-7656-a354-61c296c1e7a2,assistant,2025-12-26T16:27:38.775282Z,HotspotQuestion Component,docs/Recall_previous_discussion/HotspotQuestion_Component.txt,create,,39e45f87-131e-45bc-b10a-e9e1cf0ca55e,63d68609ebd6bb49dcd0bce62a08b85e5c5767dfca6562ff09cc4c0693c81b9a,5870
Recall previous discussion,019b5b77-baca-7656-a354-61c296c1e7a2,assistant,2025-12-26T16:27:38.775282Z,FillBlanksQuestion Component,docs/Recall_previous_discussion/FillBlanksQuestion_Component.txt,create,,d38491d1-eb4e-4aac-8f9a-db6d2db23f49,e0da2e687c6919a1b913799363ffc98d3e455fca076373af11d7bd17416a5267,4422
Recall previous discussion,019b5b77-baca-7656-a354-61c296c1e7a2,assistant,2025-12-26T16:27:38.775282Z,Complete QuestionEditor with All Types,docs/Recall_previous_discussion/Complete_QuestionEditor_with_All_Types.txt,create,,2dcf3139-a05c-46f7-b32e-828f866e132b,32f88b6c8749c8dad310c208fe02a1c176e6f5b02ff05a35785190733c0c31be,19635
Recall previous discussion,019b5b77-baca-7656-a354-61c296c1e7a2,assistant,2025-12-26T16:27:38.775282Z,Complete QuestionView with All Types,docs/Recall_previous_discussion/Complete_QuestionView_with_All_Types.txt,create,,083a6e1e-2343-468f-8846-c9b5401320f9,f1801487122bf99f0fafc579fe68c847624145d42805c4fa50080274379c710b,7807
Recall previous discussion,019b5b77-baca-7656-a354-61c296c1e7a2,assistant,2025-12-26T16:27:38.775282Z,Backend: Restrict Student Results Access,docs/Recall_previous_discussion/Backend_Restrict_Student_Results_Access.py,create,python,180186fa-b8b7-4e97-8573-c5c30537ffbc,7e6d8dea34dd176df0458389834141fea1115af71cb6b304e6507275f493e715,9120
Recall previous discussion,019b5b77-baca-7656-a354-61c296c1e7a2,assistant,2025-12-26T16:27:38.775282Z,Teacher Results View Component,docs/Recall_previous_discussion/Teacher_Results_View_Component.txt,create,,ff47f771-ee41-4eb9-81f2-51847072cd1a,260278b08abe353004758b5bf2501a8389b497dd1434a03396b547cfa91c82b1,13323
Recall previous discussion,019b5b77-baca-7656-a354-61c296c1e7a2,assistant,2025-12-26T16:27:38.775282Z,Student Test Completion Page,docs/Recall_previous_discussion/Student_Test_Completion_Page.txt,create,,0031e71b-02d6-43cb-9376-88bb2f0d45dd,0f7a71f2e05202a142ff01acd9aa828201ffacfb11a99aa9f4a03f5b6c5a32fa,6334
Recall previous discussion,019b5b77-baca-7656-a354-61c296c1e7a2,assistant,2025-12-26T16:27:38.775282Z,untitled,docs/Recall_previous_discussion/untitled.txt,rewrite,,6ecccaea-d255-4d62-8e3f-cdbb08629141,d8d34c1c3636989863463e7cd6522016e6f103e95d07d9cb76d6a6ae56f33b88,6390
Recall previous discussion,019b5b77-baca-7656-a354-61c296c1e7a2,assistant,2025-12-26T16:27:38.775282Z,Implementation Guide - Question Types & Results Restriction,docs/Recall_previous_discussion/Implementation_Guide_-_Question_Types_Results_Restriction.txt,create,,a07c8f0e-f9c9-4181-8554-6cc89c8b5c27,72740ed5db6df0b924cd945a0dc5868a5ef2a475147c31a9512a66c4d99f9802,14679
Recall previous discussion,019b8d3b-a053-76d2-9355-a7c35c965ef0,assistant,2026-01-05T08:22:20.380084Z,Extended SessionService with New Question Types,docs/Recall_previous_discussion/Extended_SessionService_with_New_Question_Types.py,create,python,80ae53e7-be80-4228-86ef-85f030c31f19,e25b81bba513b60e4c6cf98542c6a933e6f153eddd61f23d6449b041665951c9,19559
Recall previous discussion,019b8d3b-a053-76d2-9355-a7c35c965ef0,assistant,2026-01-05T08:22:20.380084Z,Question Data Structure Examples,docs/Recall_previous_discussion/Question_Data_Structure_Examples.py,create,python,ddc76fe5-10e5-4dd9-85be-2b99be612377,ff0999c8006c7142e86046395378bcac8a2d3c0f81ef263767be656fce4c9f3c,17867
Recall previous discussion,019b8d3b-a053-76d2-9355-a7c35c965ef0,assistant,2026-01-05T08:22:20.380084Z,Unit Tests for Answer Checking Logic,docs/Recall_previous_discussion/Unit_Tests_for_Answer_Checking_Logic.py,create,python,2f54c6a1-5b11-4fb5-94de-67b839df32b7,66ad2663dae89c20d0da94b69b5dbdb45be607e27a518e699fa4388742fefce4,16156
Recall previous discussion,019b8d3b-a053-76d2-9355-a7c35c965ef0,assistant,2026-01-05T08:22:20.380084Z,Complete Integration Checklist,docs/Recall_previous_discussion/Complete_Integration_Checklist.txt,create,,5776d470-2615-4560-8559-c4dcff0c08a3,afef2208bbe8387ab92f3b5737335257d2b8d3990e384dfd47386b0b95273ec1,17153
Recall previous discussion,019b8d40-b89f-7454-8843-0f077d84a8b8,assistant,2026-01-05T08:24:48.746089Z,Interactive Demo - All New Question Types,docs/Recall_previous_discussion/Interactive_Demo_-_All_New_Question_Types.txt,create,,6a8e3116-efa5-4d2e-8db2-f29e20054905,089725e3585faba8929411092ede17b1df6cc343204fe9747d33bc91fd97d0d0,20840
Recall previous discussion,019b8d46-4153-77c4-b7a1-8e5a9bc4affe,assistant,2026-01-05T08:33:29.658325Z,Backend Export Service (Excel/PDF),docs/Recall_previous_discussion/Backend_Export_Service_ExcelPDF.py,create,python,c4bff1cd-cb38-4bb9-8bb7-5d5a69ee40cf,71330df579b7f60baf548a163496f850ad4aa74460e6f55f793842e5ad109e19,21079
Recall previous discussion,019b8d46-4153-77c4-b7a1-8e5a9bc4affe,assistant,2026-01-05T08:33:29.658325Z,Backend API Endpoints for Export,docs/Recall_previous_discussion/Backend_API_Endpoints_for_Export.py,create,python,af2a8a9a-43cd-49c4-8ec2-bbc3f1b92358,ad817b7b2bc5eb8d8589f12164c9350f1cf8ac2d2c5b18128a45038f989091ae,9077
Recall previous discussion,019b8d46-4153-77c4-b7a1-8e5a9bc4affe,assistant,2026-01-05T08:33:29.658325Z,Export Buttons Component,docs/Recall_previous_discussion/Export_Buttons_Component.txt,create,,5f1c5709-10ca-486b-bfdc-fb87f0e6d815,35df3426b12b1315b3008223a1f0773f15c41693315e780dc7a45dbb04f937a3,19682
Recall previous discussion,019b8d46-4153-77c4-b7a1-8e5a9bc4affe,assistant,2026-01-05T08:33:29.658325Z,Requirements and Installation Guide,docs/Recall_previous_discussion/Requirements_and_Installation_Guide.txt,create,,c0d9d440-9837-4cc5-9a18-01c1d51419f7,ee16be020c508b83b8a7fd667bc8e3e85901f898e32aa0def8310efaf697dedb,12257
Recall previous discussion,019b9ca0-d31d-71d5-8dde-3964473c444c,assistant,2026-01-08T08:07:57.583195Z,AI Grading Service,docs/Recall_previous_discussion/AI_Grading_Service.py,create,python,b6a34322-0442-4eee-8025-2b3162dbb62f,8e5627ac23047a1a10db4fd8bfb8a599287711f93c3563c1fd5dd6c58fdb2028,17865
Recall previous discussion,019b9ca0-d31d-71d5-8dde-3964473c444c,assistant,2026-01-08T08:07:57.583195Z,AI Integration with SessionService,docs/Recall_previous_discussion/AI_Integration_with_SessionService.py,create,python,dc06764e-aef7-4de0-a580-f319a12e7609,90883e70efd4f5d1fff67a24de0627da8fb7a64b012d074ba18022fe222cee8d,11785
Recall previous discussion,019b9ca0-d31d-71d5-8dde-3964473c444c,assistant,2026-01-08T08:07:57.583195Z,AI API Endpoints,docs/Recall_previous_discussion/AI_API_Endpoints.py,create,python,de63b1f5-6de4-47a5-a6ca-6ac84f685086,d6b8eebecd65bafe1b3ef9a4926adf16a23af2feee81a51eea1a9ef1bab46949,13323
Recall previous discussion,019b9ca0-d31d-71d5-8dde-3964473c444c,assistant,2026-01-08T08:07:57.583195Z,AI Grading UI Component,docs/Recall_previous_discussion/AI_Grading_UI_Component.txt,create,,abf69289-82af-4ac3-b48c-5431710e3680,bfb2ac01d9bea77b4d44a7aeebc06d224ab803ab22df12833c817c745853ef19,21963
Recall previous discussion,019b9ca0-d31d-71d5-8dde-3964473c444c,assistant,2026-01-08T08:07:57.583195Z,AI Setup and Configuration Guide,docs/Recall_previous_discussion/AI_Setup_and_Configuration_Guide.txt,create,,65077a44-b0f1-43dc-8381-47d17c6ec581,527c89c016139b188a90fc9c8cb66993754596e32a135b334aeec8cad79030ca,15200
Recall previous discussion,019b9cac-07d9-7368-99df-ce09d16f4325,assistant,2026-01-08T08:18:24.681256Z,Database Models for Advanced Test Settings,docs/Recall_previous_discussion/Database_Models_for_Advanced_Test_Settings.py,create,python,04d10af5-95ce-498a-87fe-529810308cd0,86ffde27db1ea9d82a61ee6176693bcf64a12c77261e199e15eb41a0f1fa25ce,7992
Recall previous discussion,019b9cac-07d9-7368-99df-ce09d16f4325,assistant,2026-01-08T08:18:24.681256Z,Pydantic Schemas for Test Settings,docs/Recall_previous_discussion/Pydantic_Schemas_for_Test_Settings.py,create,python,cfa9658f-a461-4197-9717-35fed958871d,38f969968d51fb7844d23d2319f93c15ef2c1f2db78a0bb7c87f1ce2f0b1bdcb,8601
Recall previous discussion,019b9cac-07d9-7368-99df-ce09d16f4325,assistant,2026-01-08T08:18:24.681256Z,Test Settings Service,docs/Recall_previous_discussion/Test_Settings_Service.py,create,python,8ab966fd-15b1-4459-a71d-2514a01f9e3c,6076ea027f85dfae0052aa812a72e17a2fcce37489cb1945a0df3670815b8d1a,14266
Recall previous discussion,019b9cac-07d9-7368-99df-ce09d16f4325,assistant,2026-01-08T08:18:24.681256Z,Test Settings UI Component,docs/Recall_previous_discussion/Test_Settings_UI_Component.txt,create,,39d7f3c8-b1e4-4279-873d-6589ec201be0,851e96580490a9107d1b37f4b7b625b6d58fd147ed37b1520442afbbb0672b2f,24245
Recall previous discussion,019ba34f-5e3b-7559-b96d-9db8ef2e4650,assistant,2026-01-09T15:13:01.764384Z,Teacher Analytics Dashboard,docs/Recall_previous_discussion/Teacher_Analytics_Dashboard.txt,create,,bc5950ff-b4dd-42a9-8668-28bec9f7233b,85677da801caf49f2db60f309b0e638b80d7928515fac9b3815ddb886bb86b99,23345
Recall previous discussion,019ba34f-5e3b-7559-b96d-9db8ef2e4650,assistant,2026-01-09T15:13:01.764384Z,Backend Analytics API,docs/Recall_previous_discussion/Backend_Analytics_API.py,create,python,8fef84d3-0da6-487f-888f-977ded1c767e,bfc8d2c4440347ddb6b4a218541ae22c162ee94118cc7aaf7f760f1c53072faf,16805
